{"name": "ibmq_dummy", "version": "0.1", "num_qubits": 14, "basis_gates": ["id", "rz", "sx", "x", "cx", "reset"], "T1": {"0": 1.1489616918269587e-06, "1": 4.796188249101521e-06, "2": 7.928734948129137e-06, "3": 3.3839733277889985e-06, "4": 1.6017920495947348e-06, "5": 3.344253286186472e-07, "6": 1.9119246005480195e-06, "7": 8.055810320358158e-06, "8": 3.6660750509151677e-06, "9": 3.519367910576128e-06, "10": 3.6110348971100072e-06, "11": 3.818943542526995e-06, "12": 9.005180963838347e-06, "13": 7.802040416343216e-06}, "T2": {"0": 6.190603329580507e-06, "1": 1.403348387485689e-06, "2": 7.65835906902966e-06, "3": 5.109033925511341e-06, "4": 2.65203062346159e-06, "5": 2.2118060606193248e-06, "6": 7.0468047241383465e-06, "7": 4.305019943228208e-06, "8": 8.965584004639422e-06, "9": 4.696140260838442e-06, "10": 4.465019193990822e-06, "11": 5.737459045738829e-06, "12": 9.290818256867336e-06, "13": 4.351679490662997e-07}, "freq": {"0": 5202277043.034894, "1": 5113049503.865947, "2": 5089325174.202049, "3": 5234243808.536448, "4": 5104541002.6145935, "5": 5241172169.548779, "6": 5032845131.50965, "7": 5261858735.983619, "8": 5151195365.867162, "9": 5042341037.621547, "10": 5114774962.56998, "11": 5026735563.611493, "12": 5259891799.397203, "13": 5024851417.900458}, "readout_length": {"0": 3.288491309381566e-07, "1": 1.1541995255136591e-07, "2": 3.4995119946644494e-07, "3": 1.7131975852907838e-07, "4": 1.9026853971532463e-07, "5": 2.540094172274753e-07, "6": 2.840872714754606e-07, "7": 2.0465425529446796e-07, "8": 5.152103682312616e-07, "9": 5.323107325969592e-07, "10": 3.0126236220537116e-07, "11": 1.6456959444731474e-07, "12": 2.457980429660059e-07, "13": 3.568630296165058e-07}, "prob_meas0_prep1": {"0": 0.062353038986315584, "1": 0.08058783407109622, "2": 0.054581114456475115, "3": 0.0669592143644205, "4": 0.08287351773733201, "5": 0.03543802221869976, "6": 0.006654885708712289, "7": 0.08402076221720346, "8": 0.07259999352641719, "9": 0.006954165192645878, "10": 0.08483942632712976, "11": 0.045173986872441896, "12": 0.05876735776276335, "13": 0.06440894447497629}, "prob_meas1_prep0": {"0": 0.03784105911525609, "1": 0.029102919936620023, "2": 0.02439127711038165, "3": 0.002679362898730231, "4": 0.06064128738716062, "5": 0.09011713567132872, "6": 0.05353255266613802, "7": 0.03813588384342929, "8": 0.0996400777357917, "9": 0.04357605121390326, "10": 0.011363466505147824, "11": 0.037778065081580284, "12": 0.04478744767966834, "13": 0.04773995055902441}, "gate_lens": {"id0": 6.434798011789707e-09, "rz0": 0, "sx0": 4.465071653457798e-09, "x0": 9.774209172291472e-09, "reset0": 8.361519224153125e-10, "id1": 2.5552448476624557e-09, "rz1": 0, "sx1": 5.529427711733804e-09, "x1": 2.636270792879181e-09, "reset1": 1.87708085912228e-09, "id2": 5.627078250185713e-10, "rz2": 0, "sx2": 2.56864970703089e-09, "x2": 6.9953901586563486e-09, "reset2": 8.696998632792415e-09, "id3": 9.825291689507627e-09, "rz3": 0, "sx3": 2.267556511903798e-09, "x3": 1.535832629307672e-09, "reset3": 7.315165199466207e-09, "id4": 9.613669488600751e-09, "rz4": 0, "sx4": 1.9939119109291912e-09, "x4": 1.981686077709556e-09, "reset4": 6.485554714345378e-09, "id5": 2.9019409078663415e-09, "rz5": 0, "sx5": 9.314576804893943e-09, "x5": 3.8585375689908044e-09, "reset5": 5.3145630909848485e-09, "id6": 3.958075768700688e-09, "rz6": 0, "sx6": 4.512750468822806e-09, "x6": 4.4865658461943815e-09, "reset6": 8.248341647911436e-09, "id7": 3.4669847953860025e-09, "rz7": 0, "sx7": 6.526683183838749e-09, "x7": 3.8617222070057715e-09, "reset7": 3.238485363570517e-09, "id8": 9.09640141856612e-09, "rz8": 0, "sx8": 4.182402675510267e-09, "x8": 2.946320568633105e-09, "reset8": 8.916915898052479e-09, "id9": 6.003999285906109e-09, "rz9": 0, "sx9": 7.67840557097226e-09, "x9": 3.906834797063974e-09, "reset9": 9.790646624913063e-09, "id10": 4.529610480809254e-10, "rz10": 0, "sx10": 1.6591149560605468e-09, "x10": 5.8446817229915e-09, "reset10": 2.0555063479706114e-09, "id11": 5.706076414977687e-09, "rz11": 0, "sx11": 2.922099863846739e-10, "x11": 4.031659586807805e-09, "reset11": 5.246577278016885e-09, "id12": 9.799261423646223e-10, "rz12": 0, "sx12": 5.033235195200583e-09, "x12": 6.389122717751702e-09, "reset12": 5.4769970897332575e-09, "id13": 5.450324764346978e-09, "rz13": 0, "sx13": 8.704605994014143e-09, "x13": 6.758557141876655e-09, "reset13": 2.8678736946754035e-09, "cx0_1": 8.042679892309e-09, "cx0_2": 8.104482506642195e-09, "cx0_3": 1.3227010174684196e-10, "cx0_4": 8.435855290733018e-09, "cx0_5": 3.765565840980906e-09, "cx0_6": 9.2612178724689e-09, "cx0_7": 4.16589351227733e-10, "cx0_8": 6.873066547296575e-09, "cx0_9": 9.740810021287443e-09, "cx0_10": 8.942909016681125e-09, "cx0_11": 8.841850900333893e-09, "cx0_12": 4.251028024964937e-09, "cx0_13": 7.587904169122116e-09, "cx1_0": 1.0416083744954618e-09, "cx1_2": 7.419033297216284e-09, "cx1_3": 4.434411036498416e-09, "cx1_4": 5.1603750490981275e-09, "cx1_5": 7.429316291807529e-09, "cx1_6": 3.629048934371526e-10, "cx1_7": 7.95472708552644e-09, "cx1_8": 5.260074083309007e-09, "cx1_9": 5.8917580653335146e-09, "cx1_10": 6.260711712204093e-10, "cx1_11": 9.04463538444321e-09, "cx1_12": 6.111987042784869e-09, "cx1_13": 3.626336073033175e-09, "cx2_0": 3.5106606381151018e-09, "cx2_1": 8.764056307874177e-09, "cx2_3": 7.929068167347e-09, "cx2_4": 5.869176489279857e-09, "cx2_5": 4.117828435718665e-09, "cx2_6": 1.6075329366094849e-09, "cx2_7": 7.744162880993962e-09, "cx2_8": 3.8784590119956375e-09, "cx2_9": 5.407168508051286e-10, "cx2_10": 2.521288069244535e-09, "cx2_11": 4.3269279764529e-09, "cx2_12": 9.741983655995125e-09, "cx2_13": 3.2571045229819986e-09, "cx3_0": 9.598509403721047e-09, "cx3_1": 9.772241999899128e-09, "cx3_2": 9.80604283420451e-09, "cx3_4": 6.2382221957358e-09, "cx3_5": 2.9051818279517327e-09, "cx3_6": 1.5427908871134e-09, "cx3_7": 7.955849909127838e-09, "cx3_8": 4.245572313347093e-09, "cx3_9": 7.804710720619498e-09, "cx3_10": 8.873815448566812e-09, "cx3_11": 9.814705738957703e-09, "cx3_12": 8.929345602942767e-09, "cx3_13": 1.210470393348021e-09, "cx4_0": 2.328078315318558e-09, "cx4_1": 3.2625341319257694e-09, "cx4_2": 3.671361762885094e-09, "cx4_3": 6.467426488560801e-09, "cx4_5": 2.805815451850399e-09, "cx4_6": 3.9726817118992953e-10, "cx4_7": 2.0597628086002564e-09, "cx4_8": 9.050432283023475e-09, "cx4_9": 2.038613846310462e-09, "cx4_10": 5.20994108372957e-09, "cx4_11": 3.5571064738438253e-09, "cx4_12": 3.2185772823432713e-10, "cx4_13": 8.694538007890482e-09, "cx5_0": 1.8847809096828593e-09, "cx5_1": 4.012128238250712e-09, "cx5_2": 2.698002722132099e-09, "cx5_3": 2.064845236380325e-09, "cx5_4": 3.513763478431502e-09, "cx5_6": 9.635311504373289e-09, "cx5_7": 4.3912683995661727e-10, "cx5_8": 4.1871473907511e-11, "cx5_9": 8.078922961913793e-09, "cx5_10": 1.2844757829599884e-09, "cx5_11": 7.083371769479585e-10, "cx5_12": 4.289754781395765e-09, "cx5_13": 9.815279322776317e-09, "cx6_0": 4.707212454222353e-10, "cx6_1": 8.436317026940576e-10, "cx6_2": 1.4746896275355982e-09, "cx6_3": 6.882920943055826e-10, "cx6_4": 4.337483392626543e-09, "cx6_5": 7.952490570097714e-09, "cx6_7": 3.5816082481168988e-09, "cx6_8": 4.9355471826023055e-09, "cx6_9": 7.718932426762781e-10, "cx6_10": 7.42176426616227e-09, "cx6_11": 1.723338413481802e-09, "cx6_12": 9.038199106528742e-09, "cx6_13": 7.807236184178492e-09, "cx7_0": 3.891072172529116e-09, "cx7_1": 5.191163805489644e-09, "cx7_2": 4.494314624662434e-09, "cx7_3": 4.345493292197611e-09, "cx7_4": 4.328844063197577e-09, "cx7_5": 8.058732481808107e-11, "cx7_6": 4.740487269655658e-09, "cx7_8": 4.805769739853188e-09, "cx7_9": 3.595836374463233e-09, "cx7_10": 5.303261759319e-10, "cx7_11": 2.5707420483548006e-09, "cx7_12": 4.031976860666281e-09, "cx7_13": 8.091142813679953e-09, "cx8_0": 3.4931696950321213e-09, "cx8_1": 3.330959208024209e-10, "cx8_2": 7.920431058364674e-09, "cx8_3": 7.83336357490603e-09, "cx8_4": 2.7849436104867377e-09, "cx8_5": 5.9879188473886795e-09, "cx8_6": 3.6530787939626664e-09, "cx8_7": 3.4398864744704926e-09,