{"name": "ibmq_dummy", "version": "0.1", "num_qubits": 12, "basis_gates": ["id", "rz", "sx", "x", "cx", "reset"], "T1": {"0": 6.797530815369703e-06, "1": 8.153480796825535e-06, "2": 5.940204363910178e-06, "3": 1.786089073429833e-06, "4": 8.65408986669846e-06, "5": 8.602636634774564e-06, "6": 3.8843549024332986e-06, "7": 5.93648029020105e-06, "8": 6.720841774429731e-06, "9": 2.1818372171705537e-06, "10": 5.0692604857528925e-06, "11": 9.839064557441089e-06}, "T2": {"0": 7.0711962418641764e-06, "1": 3.978691247977502e-06, "2": 1.3083085286765585e-06, "3": 3.3187055948403124e-06, "4": 2.424617863925548e-06, "5": 9.634871636500154e-06, "6": 1.2645348018750037e-06, "7": 7.802612973504e-06, "8": 2.3611294046886624e-06, "9": 9.483494386658067e-06, "10": 7.923917937976326e-06, "11": 1.9319611157144203e-07}, "freq": {"0": 5033132216.571088, "1": 5031702926.973988, "2": 5101211719.496995, "3": 5109007434.227604, "4": 5028825093.932929, "5": 5125165377.341935, "6": 5091804861.948648, "7": 5019681216.862928, "8": 5053702278.874454, "9": 5203053065.482567, "10": 5088330812.284687, "11": 5226530372.552633}, "readout_length": {"0": 2.863867470421981e-07, "1": 5.270817442691212e-07, "2": 2.1735618277242986e-07, "3": 5.383615735510529e-07, "4": 4.3056078402166376e-07, "5": 3.798316907971006e-07, "6": 1.7555345357571638e-09, "7": 1.910445586655206e-07, "8": 4.3369269548978505e-07, "9": 5.047029345021644e-07, "10": 4.094095790104608e-07, "11": 2.3232940309980337e-07}, "prob_meas0_prep1": {"0": 0.03345168963358055, "1": 0.07949172014552822, "2": 0.0017613282266185637, "3": 0.012838981249718308, "4": 0.0647294923316826, "5": 0.006913998111801734, "6": 0.011966421771171099, "7": 0.05344660815337663, "8": 0.0670666126261437, "9": 0.007349005762702166, "10": 0.056793621701175794, "11": 0.07976180323197656}, "prob_meas1_prep0": {"0": 0.009167834708596001, "1": 0.06552270866534246, "2": 0.0347329974674268, "3": 0.022826994163120708, "4": 0.0963113717946292, "5": 0.070920546048633, "6": 0.0692942501703023, "7": 0.043133158007842, "8": 0.06033153018654544, "9": 0.04027500246639801, "10": 0.005023185247283313, "11": 0.06714769655212567}, "gate_lens": {"id0": 9.935529782801556e-09, "rz0": 0, "sx0": 5.6824820486705e-09, "x0": 6.2059031647104725e-09, "reset0": 5.959701952501232e-09, "id1": 4.792485057633501e-09, "rz1": 0, "sx1": 8.401986797842924e-09, "x1": 3.872626147327059e-09, "reset1": 1.1436902982735598e-09, "id2": 3.832554084727858e-09, "rz2": 0, "sx2": 6.308619091157248e-09, "x2": 4.7782116558890175e-09, "reset2": 4.795618703401976e-09, "id3": 3.763638537930393e-09, "rz3": 0, "sx3": 2.696718911388076e-09, "x3": 7.124985796997377e-09, "reset3": 9.11146722066241e-09, "id4": 8.384050038408704e-09, "rz4": 0, "sx4": 6.803369031928648e-09, "x4": 3.4907307905241426e-09, "reset4": 6.924881687320423e-09, "id5": 8.42347165958595e-09, "rz5": 0, "sx5": 7.658189860139907e-09, "x5": 6.24883338560741e-09, "reset5": 1.4953604098796658e-09, "id6": 6.86450877270859e-09, "rz6": 0, "sx6": 1.5228169776447497e-09, "x6": 7.493557896098395e-09, "reset6": 8.561164050761504e-09, "id7": 9.438136440024347e-09, "rz7": 0, "sx7": 7.662655854853978e-09, "x7": 3.0701492299496705e-09, "reset7": 9.058123328074909e-09, "id8": 9.475648009215487e-09, "rz8": 0, "sx8": 6.1978547900223435e-09, "x8": 9.8740189499255e-10, "reset8": 2.4994321903671424e-09, "id9": 5.123533673088439e-09, "rz9": 0, "sx9": 5.113269086450112e-10, "x9": 5.025740171181011e-09, "reset9": 4.407756309441864e-09, "id10": 4.718566257812007e-10, "rz10": 0, "sx10": 3.974057315973043e-09, "x10": 3.551641595909305e-10, "reset10": 7.0068240018991335e-09, "id11": 5.45662377067357e-09, "rz11": 0, "sx11": 1.9820246178130385e-10, "x11": 3.0735701818823204e-09, "reset11": 3.900281525943184e-09, "cx0_1": 6.002854781083764e-09, "cx0_2": 9.47285719008385e-09, "cx0_3": 8.817455754771349e-09, "cx0_4": 7.26360110347087e-09, "cx0_5": 2.4366367316579463e-09, "cx0_6": 9.554875481498671e-09, "cx0_7": 7.082189415704945e-09, "cx0_8": 1.3346669641523735e-09, "cx0_9": 8.313817382113072e-09, "cx0_10": 6.493643555955812e-09, "cx0_11": 3.3535211716555113e-09, "cx1_0": 1.9355609569488397e-09, "cx1_2": 5.322096435332929e-09, "cx1_3": 2.0116678041488344e-09, "cx1_4": 3.771434723751631e-09, "cx1_5": 7.397974179776479e-09, "cx1_6": 2.8059204714034037e-09, "cx1_7": 5.2517063542034295e-09, "cx1_8": 4.124068748829708e-09, "cx1_9": 9.301490648070548e-09, "cx1_10": 8.08715550881769e-09, "cx1_11": 7.527831046745606e-09, "cx2_0": 4.270585423241079e-09, "cx2_1": 6.75574960083038e-09, "cx2_3": 5.308115086856142e-09, "cx2_4": 9.12317664548115e-09, "cx2_5": 4.72621194284944e-09, "cx2_6": 1.7040688247859705e-09, "cx2_7": 9.350640238354335e-09, "cx2_8": 9.37876079709371e-09, "cx2_9": 3.299683229326278e-10, "cx2_10": 6.348716531279568e-09, "cx2_11": 2.2704841845541403e-09, "cx3_0": 6.660430301414118e-09, "cx3_1": 5.518422146895731e-09, "cx3_2": 4.930559672251528e-09, "cx3_4": 3.634369967021334e-10, "cx3_5": 2.008906379012114e-09, "cx3_6": 5.8626762369055484e-09, "cx3_7": 9.728937434716116e-09, "cx3_8": 3.5932345945896348e-09, "cx3_9": 9.389522543873934e-09, "cx3_10": 5.7828128930197755e-09, "cx3_11": 6.972485336952828e-09, "cx4_0": 1.3541803367578909e-09, "cx4_1": 7.371074612164789e-09, "cx4_2": 7.673614915767382e-09, "cx4_3": 4.145142684397909e-09, "cx4_5": 2.4372140639204874e-09, "cx4_6": 7.898236136750465e-09, "cx4_7": 8.935195046787395e-09, "cx4_8": 6.637605105139684e-09, "cx4_9": 6.978697495756655e-09, "cx4_10": 2.393823034290039e-09, "cx4_11": 5.529168023388025e-09, "cx5_0": 7.175662409987416e-09, "cx5_1": 1.833163560393043e-09, "cx5_2": 4.366979837575628e-09, "cx5_3": 5.777062052953648e-09, "cx5_4": 4.961547571263231e-09, "cx5_6": 7.279270772689192e-09, "cx5_7": 8.3961452379251e-09, "cx5_8": 7.594443460608067e-09, "cx5_9": 5.219475015738273e-11, "cx5_10": 8.069832178255809e-09, "cx5_11": 4.3264009234239567e-11, "cx6_0": 6.165601811908097e-09, "cx6_1": 1.5733254893683946e-09, "cx6_2": 5.2132489332892295e-09, "cx6_3": 9.481374535282402e-09, "cx6_4": 5.593091835844627e-09, "cx6_5": 4.713138552793214e-09, "cx6_7": 7.051067478366614e-09, "cx6_8": 3.552965752268644e-10, "cx6_9": 7.93693031835973e-09, "cx6_10": 5.664743433867619e-09, "cx6_11": 9.431319760587871e-09, "cx7_0": 1.7225919532917744e-10, "cx7_1": 5.683120109696971e-09, "cx7_2": 4.516722479912875e-09, "cx7_3": 1.2864782893581028e-09, "cx7_4": 3.182994232176315e-09, "cx7_5": 8.581535237995613e-09, "cx7_6": 2.5984474029058514e-09, "cx7_8": 9.38705840295226e-09, "cx7_9": 7.041132819022867e-09, "cx7_10": 9.909727108810486e-09, "cx7_11": 9.709346081641443e-09, "cx8_0": 9.11819214562181e-09, "cx8_1": 9.79302457190527e-09, "cx8_2": 9.29529575096657e-10, "cx8_3": 6.8854865704657285e-09, "cx8_4": 7.434944037700325e-09, "cx8_5": 5.507554926271019e-09, "cx8_6": 4.620954708675845e-09, "cx8_7": 9.909791264031759e-09, "cx8_9": 4.752496189522471e-10, "cx8_10": 4.160018168738933e-10, "cx8_11": 7.761290205022312e-09, "cx9_0": 5.30524331296666e-09, "cx9_1": 1.9678373529621963e-09, "cx9_2": 9.452677418741163e-10, "cx9_3": 6.499542668772519e-09, "cx9_4": 5.117027016480123e-09, "cx9_5": 3.7930280182468634e-09, "cx9_6": 4.59208589439042e-09, "cx9_7": 4.527010693010923e-09, "cx9_8": 8.018584875043732e-09, "cx9_10": 2.765881579726537e-10, "cx9_11": 7.168582540671673e-09, "cx10_0": 9.269799699420034e-10, "cx10_1": 6.115722135345234e-09, "cx10_2": 2.0749674877892255e-09, "cx10_3": 2.549580525060616e-09, "cx10_4": 6.105867896614065e-09, "cx10_5": 4.862126991486578e-09, "cx10_6": 5.125328352571146e-09, "cx10_7": 2.344986007220099e-09, "cx10_8": 3.4885393897361906e-09, "cx10_9": 4.489362923215874e-09, "cx10_11": 6.920321164126454e-09, "cx11_0": 7.755368691996108e-09, "cx11_1": 4.236261044372897e-09, "cx11_2": 4.5805896636912285e-09, "cx11_3": 7.294436104965362e-09, "cx11_4": 1.62993209370904e-09, "cx11_5": 4.965458917391498e-09, "cx11_6": 1.3305242441703758e-09, "cx11_7": 7.302847645888511e-09, "cx11_8": 4.127724856939782e-09, "cx11_9": 3.970372121957489e-09,