{"name": "quantinuum_dummy", "version": "0.1", "num_qubits": 12, "basis_gates": ["rx", "rz", "zz"], "T1": {"0": 7.276575346108244e-06, "1": 3.605669631339692e-07, "2": 9.759999139352316e-06, "3": 6.773082855345174e-06, "4": 7.085004978277163e-06, "5": 1.1283068805845398e-06, "6": 2.185811679798323e-06, "7": 5.917560387518103e-06, "8": 1.4765861218915879e-06, "9": 7.410890963438858e-06, "10": 3.6175566146288033e-07, "11": 9.944925086165755e-06}, "T2": {"0": 7.044358253289423e-06, "1": 5.071160072781528e-06, "2": 5.0400371073409274e-06, "3": 8.308456337863473e-06, "4": 7.643135737263514e-06, "5": 6.595631093015572e-06, "6": 8.719662293366407e-06, "7": 4.227931952421033e-06, "8": 6.250896355714731e-07, "9": 9.566778268602507e-06, "10": 2.8342298607722795e-06, "11": 7.159652276629147e-06}, "freq": {"0": 5203635289.290927, "1": 5273043156.543135, "2": 5273286853.292786, "3": 5108696746.713448, "4": 5286740376.657043, "5": 5055814357.528786, "6": 5162617385.644759, "7": 5023289137.770324, "8": 5071441216.98936, "9": 5085998267.096023, "10": 5045770029.608163, "11": 5221180581.323858}, "readout_length": {"0": 2.001102011450473e-08, "1": 3.045028158506972e-07, "2": 6.487168612019838e-08, "3": 3.4194638494143e-07, "4": 1.6930548213593182e-07, "5": 1.7993958438119797e-07, "6": 2.7743982173577047e-07, "7": 5.945106178947203e-07, "8": 4.007095169442678e-08, "9": 4.17452989207575e-07, "10": 4.463853013933734e-07, "11": 3.029545197942608e-07}, "prob_meas0_prep1": {"0": 0.040024556980520515, "1": 0.05214892090879539, "2": 0.08534394697603799, "3": 0.04241559760958376, "4": 0.03816831607120044, "5": 0.007315879754971222, "6": 0.09376269413965269, "7": 0.0573804921444007, "8": 0.06986611634958376, "9": 0.09727420164094726, "10": 0.05605639724701045, "11": 0.07937877229366139}, "prob_meas1_prep0": {"0": 0.035687981524738836, "1": 0.08308849895723125, "2": 0.0699456368381191, "3": 0.002239164535012328, "4": 0.09402351854943214, "5": 0.07520873110277902, "6": 0.01744479054350726, "7": 0.06172282025604832, "8": 0.05808546112435645, "9": 0.023627683301398195, "10": 0.012494931165724477, "11": 0.04529809287156297}, "gate_lens": {"rx0": 4.951806884582822e-09, "rz0": 5.608406138043558e-09, "reset0": 9.551437301791087e-10, "rx1": 1.6143299914387354e-09, "rz1": 6.27421459490808e-09, "reset1": 7.98731826981745e-09, "rx2": 7.141293923042504e-09, "rz2": 1.5523862465205463e-09, "reset2": 1.1642664806104986e-09, "rx3": 9.173627404328119e-09, "rz3": 5.991239334644849e-11, "reset3": 6.557411724967892e-09, "rx4": 7.719824162967194e-09, "rz4": 9.998697506751354e-09, "reset4": 8.292107580446999e-09, "rx5": 9.787117721078021e-09, "rz5": 3.1410536553469215e-09, "reset5": 3.989387305868648e-09, "rx6": 7.944123160977742e-09, "rz6": 1.0166025765467235e-09, "reset6": 9.63463272777186e-09, "rx7": 6.4789553376847286e-09, "rz7": 1.477875258907413e-11, "reset7": 3.00922201774239e-09, "rx8": 2.716109648527475e-09, "rz8": 4.656372307911564e-09, "reset8": 2.0293918556029357e-10, "rx9": 9.472519894361415e-09, "rz9": 3.298781853734597e-09, "reset9": 4.111333259310729e-09, "rx10": 1.956955844973464e-09, "rz10": 5.535371215868131e-09, "reset10": 2.5398770781195223e-09, "rx11": 3.620695659693968e-09, "rz11": 3.0931979314915693e-09, "reset11": 8.322871126066325e-09, "zz0_1": 9.815507858119384e-09, "zz0_2": 6.9779497923431615e-09, "zz0_3": 9.33130961213028e-09, "zz0_4": 8.57049211897071e-09, "zz0_5": 6.26842092411667e-09, "zz0_6": 6.40444688541311e-09, "zz0_7": 1.2612727758608289e-09, "zz0_8": 6.346264678196112e-09, "zz0_9": 4.227802885353642e-09, "zz0_10": 2.5469704022722995e-09, "zz0_11": 6.442692336449072e-09, "zz1_0": 6.18730434211504e-09, "zz1_2": 5.4035405205345915e-09, "zz1_3": 6.296506705050012e-09, "zz1_4": 1.716055495592439e-09, "zz1_5": 7.695409986921098e-10, "zz1_6": 2.068372803492772e-09, "zz1_7": 6.891661867121377e-09, "zz1_8": 5.241451585443141e-09, "zz1_9": 3.6809674017090676e-09, "zz1_10": 3.860684227244567e-09, "zz1_11": 9.079954777354513e-09, "zz2_0": 8.35209196284501e-09, "zz2_1": 7.558306016213912e-10, "zz2_3": 4.114168959046364e-09, "zz2_4": 6.000278017514793e-10, "zz2_5": 8.730535208794362e-09, "zz2_6": 6.622664869539916e-09, "zz2_7": 4.52841677220891e-09, "zz2_8": 8.474578650780635e-09, "zz2_9": 9.59162137471804e-10, "zz2_10": 2.587209997377977e-09, "zz2_11": 6.639410812629248e-09, "zz3_0": 3.2149496767286844e-10, "zz3_1": 3.4555270970905174e-09, "zz3_2": 4.781619118935104e-09, "zz3_4": 3.3883419033460594e-10, "zz3_5": 2.957692636014501e-09, "zz3_6": 6.7469448426402066e-09, "zz3_7": 5.259210124735305e-09, "zz3_8": 2.743972470239391e-09, "zz3_9": 8.714181787145348e-09, "zz3_10": 9.217931954538473e-09, "zz3_11": 7.651812276633259e-09, "zz4_0": 9.758335676099686e-09, "zz4_1": 4.9016278549685334e-09, "zz4_2": 4.524566724367401e-09, "zz4_3": 4.423293948388608e-09, "zz4_5": 7.04959715364235e-09, "zz4_6": 7.88459482365242e-09, "zz4_7": 6.711262471947863e-09, "zz4_8": 9.619497555017892e-09, "zz4_9": 4.7577043218836235e-09, "zz4_10": 4.84978169253178e-09, "zz4_11": 9.080387837143456e-10, "zz5_0": 2.5787996316382958e-09, "zz5_1": 4.623459951969255e-09, "zz5_2": 8.765212615771975e-09, "zz5_3": 1.8741317400883805e-10, "zz5_4": 7.399712178586504e-10, "zz5_6": 1.8150257392973713e-10, "zz5_7": 4.82143047090985e-09, "zz5_8": 4.736527335089593e-09, "zz5_9": 9.014973880701315e-09, "zz5_10": 4.873545392810883e-09, "zz5_11": 3.241266283841917e-09, "zz6_0": 5.340895823593198e-09, "zz6_1": 1.6558612618376057e-09, "zz6_2": 6.263938461040675e-09, "zz6_3": 4.370392089081009e-09, "zz6_4": 8.480310319169342e-09, "zz6_5": 5.9423017648099755e-09, "zz6_7": 2.757903915683768e-09, "zz6_8": 4.202346692923482e-09, "zz6_9": 8.463215752125264e-10, "zz6_10": 3.790550293432231e-09, "zz6_11": 2.0936296743260672e-09, "zz7_0": 5.609862955581466e-09, "zz7_1": 3.2078414893988984e-09, "zz7_2": 2.433261567861068e-09, "zz7_3": 9.600230541809856e-09, "zz7_4": 4.599596752930559e-09, "zz7_5": 5.9653217971309025e-09, "zz7_6": 5.256168983215148e-10, "zz7_8": 7.229691670083157e-09, "zz7_9": 7.396917252879043e-10, "zz7_10": 8.4053982755586e-09, "zz7_11": 3.145493124958948e-09, "zz8_0": 7.719042591668172e-09, "zz8_1": 4.1490527721040575e-09, "zz8_2": 2.7559264595128973e-09, "zz8_3": 1.3057746432039209e-09, "zz8_4": 7.194024370869757e-09, "zz8_5": 3.0898980096368155e-09, "zz8_6": 8.595633993517371e-09, "zz8_7": 9.616893143034277e-09, "zz8_9": 3.76489920174386e-09, "zz8_10": 6.849760142025948e-09, "zz8_11": 6.580420132921364e-09, "zz9_0": 6.851313090974843e-09, "zz9_1": 7.257571188889712e-09, "zz9_2": 7.625994406479445e-09, "zz9_3": 4.869397221164281e-09, "zz9_4": 3.494039850470494e-09, "zz9_5": 5.076093384694657e-09, "zz9_6": 1.146016214449952e-10, "zz9_7": 4.178496425532849e-09, "zz9_8": 8.058544934506251e-10, "zz9_10": 1.2017375130221742e-09, "zz9_11": 3.77713951918565e-09, "zz10_0": 7.576910626085111e-09, "zz10_1": 4.123215880933904e-09, "zz10_2": 8.491245603982888e-09, "zz10_3": 5.071814843098765e-10, "zz10_4": 9.65602383749943e-09, "zz10_5": 3.2647640689916035e-09, "zz10_6": 1.401585222882029e-10, "zz10_7": 3.941354712472461e-09, "zz10_8": 8.863849987968452e-09, "zz10_9": 7.805250529981533e-10, "zz10_11": 6.385235007694468e-10, "zz11_0": 4.754092458365091e-09, "zz11_1": 9.420036367921264e-09, "zz11_2": 3.6166620539844174e-09, "zz11_3": 1.1296806561252238e-09, "zz11_4": 2.4937846299666333e-12, "zz11_5": 6.6409820458670316e-09, "zz11_6": 7.30504621617473e-09, "zz11_7": 5.952076797228246e-10, "zz11_8": 4.584209852704384e-09, "zz11_9": 2.968474803510216e-09, "zz11_10": 4.8786640296353955e-09}, "gate_errs": {"rx0": 6.088859359129445e-09, "rz0": 3.1059192311803864e-09, "reset0": 9.292587708115942e-09, "rx1": 2.475554915927136e-09, "rz1": 9.063753766713018e-09, "reset1": 5.21968258060715e-09, "rx2": 6.196828999525058e-09, "rz2": 2.7046617943937646e-09, "reset2": 2.0274619928912584e-09, "rx3": 3.910207699112089e-09, "rz3": 2.212161874145179e-09, "reset3": 1.4140378988741486e-09, "rx4": 2.5621396837867437e-09,