{"name": "ibm_cairo", "version": "1.3.4", "num_qubits": 27, "basis_gates": ["id", "rz", "sx", "x", "cx", "reset"], "T1": {"0": 0.00010943878484447026, "1": 0.00010051399633825856, "2": 5.3070521679606155e-05, "3": 3.2972514154402656e-05, "4": 7.868669574100123e-05, "5": 5.875366392296639e-05, "6": 0.00011552651913023768, "7": 8.08078232178916e-05, "8": 0.00016127111625828717, "9": 0.0001044104180133246, "10": 9.349273274323182e-05, "11": 6.894658073556047e-05, "12": 9.019353915669822e-05, "13": 0.00011751063638499131, "14": 0.00010594461769180018, "15": 0.000147183685187727, "16": 0.00012363731523885258, "17": 0.00012442574815606548, "18": 7.345899844862518e-05, "19": 0.00013684704112549345, "20": 0.00010772625892230778, "21": 5.9589235815052837e-05, "22": 0.0001009342124781941, "23": 0.00015786845040501773, "24": 0.00012552290408702235, "25": 0.00013442160414002408, "26": 0.00011682554228459098}, "T2": {"0": 0.00012484202746859783, "1": 0.00012151740110328178, "2": 6.990761748291156e-05, "3": 8.213818192765322e-05, "4": 1.9885067983527987e-05, "5": 3.89052153846639e-05, "6": 0.00015896306811455176, "7": 0.00010489583192802352, "8": 5.6680274898190026e-05, "9": 3.363132699079511e-05, "10": 1.6764368339530596e-05, "11": 0.00011752092295257304, "12": 0.00015862640803628652, "13": 0.00016569506607203694, "14": 0.00021915380223881144, "15": 4.735814948670622e-05, "16": 0.00015625527224546616, "17": 0.00014724051154334559, "18": 4.4889481129809235e-05, "19": 0.0001862279020520981, "20": 1.7918416389628035e-05, "21": 0.00014097653240928063, "22": 0.00014660093213091175, "23": 0.00016131951144699228, "24": 0.0001578646697622525, "25": 0.0001937207858471654, "26": 3.0431319577141196e-05}, "freq": {"0": 5257045218.657478, "1": 5035787159.145866, "2": 4911060473.622364, "3": 5118527800.261603, "4": 5185649707.908294, "5": 5046097114.73762, "6": 5098860435.41277, "7": 5048024758.95113, "8": 4969033185.5388775, "9": 5227529925.446036, "10": 5233517437.489862, "11": 5132681047.240698, "12": 5114929308.680113, "13": 5282041083.902278, "14": 5043655149.967876, "15": 4962608208.853606, "16": 5276897324.329442, "17": 5262111822.344793, "18": 5185951256.139554, "19": 4978158674.65424, "20": 5197115551.850696, "21": 5284404076.297964, "22": 5200212425.136997, "23": 5102361304.516986, "24": 5176717595.62163, "25": 4953607659.991691, "26": 5192020044.604004}, "readout_length": {"0": 7.324444444444445e-07, "1": 7.324444444444445e-07, "2": 7.324444444444445e-07, "3": 7.324444444444445e-07, "4": 7.324444444444445e-07, "5": 7.324444444444445e-07, "6": 7.324444444444445e-07, "7": 7.324444444444445e-07, "8": 7.324444444444445e-07, "9": 7.324444444444445e-07, "10": 7.324444444444445e-07, "11": 7.324444444444445e-07, "12": 7.324444444444445e-07, "13": 7.324444444444445e-07, "14": 7.324444444444445e-07, "15": 7.324444444444445e-07, "16": 7.324444444444445e-07, "17": 7.324444444444445e-07, "18": 7.324444444444445e-07, "19": 7.324444444444445e-07, "20": 7.324444444444445e-07, "21": 7.324444444444445e-07, "22": 7.324444444444445e-07, "23": 7.324444444444445e-07, "24": 7.324444444444445e-07, "25": 7.324444444444445e-07, "26": 7.324444444444445e-07}, "prob_meas0_prep1": {"0": 0.009399999999999964, "1": 0.012399999999999967, "2": 0.016599999999999948, "3": 0.02080000000000004, "4": 0.02100000000000002, "5": 0.013399999999999967, "6": 0.016199999999999992, "7": 0.011199999999999988, "8": 0.01880000000000004, "9": 0.05620000000000003, "10": 0.012800000000000034, "11": 0.009399999999999964, "12": 0.0104, "13": 0.00880000000000003, "14": 0.0124, "15": 0.006800000000000028, "16": 0.01859999999999995, "17": 0.0182, "18": 0.027200000000000002, "19": 0.0426, "20": 0.01419999999999999, "21": 0.007000000000000006, "22": 0.016199999999999992, "23": 0.0104, "24": 0.01859999999999995, "25": 0.0288, "26": 0.0124}, "prob_meas1_prep0": {"0": 0.0092, "1": 0.0076, "2": 0.013, "3": 0.0178, "4": 0.0226, "5": 0.0112, "6": 0.0118, "7": 0.0084, "8": 0.0214, "9": 0.174, "10": 0.005, "11": 0.0064, "12": 0.009000000000000008, "13": 0.006, "14": 0.00660000000000005, "15": 0.0036, "16": 0.0474, "17": 0.013800000000000034, "18": 0.0296, "19": 0.04579999999999995, "20": 0.007, "21": 0.0042, "22": 0.012, "23": 0.008000000000000007, "24": 0.0112, "25": 0.0464, "26": 0.010000000000000009}, "gate_lens": {"id0": 2.4888888888888888e-08, "id1": 2.4888888888888888e-08, "id2": 2.4888888888888888e-08, "id3": 2.4888888888888888e-08, "id4": 2.4888888888888888e-08, "id5": 2.4888888888888888e-08, "id6": 2.4888888888888888e-08, "id7": 2.4888888888888888e-08, "id8": 2.4888888888888888e-08, "id9": 2.4888888888888888e-08, "id10": 2.4888888888888888e-08, "id11": 2.4888888888888888e-08, "id12": 2.4888888888888888e-08, "id13": 2.4888888888888888e-08, "id14": 2.4888888888888888e-08, "id15": 2.4888888888888888e-08, "id16": 2.4888888888888888e-08, "id17": 2.4888888888888888e-08, "id18": 2.4888888888888888e-08, "id19": 2.4888888888888888e-08, "id20": 2.4888888888888888e-08, "id21": 2.4888888888888888e-08, "id22": 2.4888888888888888e-08, "id23": 2.4888888888888888e-08, "id24": 2.4888888888888888e-08, "id25": 2.4888888888888888e-08, "id26": 2.4888888888888888e-08, "rz0": 0.0, "rz1": 0.0, "rz2": 0.0, "rz3": 0.0, "rz4": 0.0, "rz5": 0.0, "rz6": 0.0, "rz7": 0.0, "rz8": 0.0, "rz9": 0.0, "rz10": 0.0, "rz11": 0.0, "rz12": 0.0, "rz13": 0.0, "rz14": 0.0, "rz15": 0.0, "rz16": 0.0, "rz17": 0.0, "rz18": 0.0, "rz19": 0.0, "rz20": 0.0, "rz21": 0.0, "rz22": 0.0, "rz23": 0.0, "rz24": 0.0, "rz25": 0.0, "rz26": 0.0, "sx0": 2.4888888888888888e-08, "sx1": 2.4888888888888888e-08, "sx2": 2.4888888888888888e-08, "sx3": 2.4888888888888888e-08, "sx4": 2.4888888888888888e-08, "sx5": 2.4888888888888888e-08, "sx6": 2.4888888888888888e-08, "sx7": 2.4888888888888888e-08, "sx8": 2.4888888888888888e-08, "sx9": 2.4888888888888888e-08, "sx10": 2.4888888888888888e-08, "sx11": 2.4888888888888888e-08, "sx12": 2.4888888888888888e-08, "sx13": 2.4888888888888888e-08, "sx14": 2.4888888888888888e-08, "sx15": 2.4888888888888888e-08, "sx16": 2.4888888888888888e-08, "sx17": 2.4888888888888888e-08, "sx18": 2.4888888888888888e-08, "sx19": 2.4888888888888888e-08, "sx20": 2.4888888888888888e-08, "sx21": 2.4888888888888888e-08, "sx22": 2.4888888888888888e-08, "sx23": 2.4888888888888888e-08, "sx24": 2.4888888888888888e-08, "sx25": 2.4888888888888888e-08, "sx26": 2.4888888888888888e-08, "x0": 2.4888888888888888e-08, "x1": 2.4888888888888888e-08, "x2": 2.4888888888888888e-08, "x3": 2.4888888888888888e-08, "x4": 2.4888888888888888e-08, "x5": 2.4888888888888888e-08, "x6": 2.4888888888888888e-08, "x7": 2.4888888888888888e-08, "x8": 2.4888888888888888e-08, "x9": 2.4888888888888888e-08, "x10": 2.4888888888888888e-08, "x11": 2.4888888888888888e-08, "x12": 2.4888888888888888e-08, "x13": 2.4888888888888888e-08, "x14": 2.4888888888888888e-08, "x15": 2.4888888888888888e-08, "x16": 2.4888888888888888e-08, "x17": 2.4888888888888888e-08, "x18": 2.4888888888888888e-08, "x19": 2.4888888888888888e-08, "x20": 2.4888888888888888e-08, "x21": 2.4888888888888888e-08, "x22": 2.4888888888888888e-08, "x23": 2.4888888888888888e-08, "x24": 2.4888888888888888e-08, "x25": 2.4888888888888888e-08, "x26": 2.4888888888888888e-08, "cx15_12": 4.977777777777778e-07, "cx12_15": 5.226666666666667e-07, "cx12_13": 4.337777777777778e-07, "cx13_12": 4.5866666666666664e-07, "cx20_19": 4.124444444444444e-07, "cx19_20": 4.3733333333333333e-07, "cx8_11": 9.457777777777778e-07, "cx11_8": 9.706666666666667e-07, "cx6_7": 3.128888888888889e-07, "cx7_6": 3.3777777777777777e-07, "cx4_7": 2.702222222222222e-07, "cx7_4": 2.951111111111111e-07, "cx17_18": 2.56e-07, "cx18_17": 2.808888888888889e-07, "cx3_2": 2.062222222222222e-07, "cx2_3": 2.311111111111111e-07, "cx1_2": 3.271111111111111e-07, "cx2_1": 3.5200000000000003e-07, "cx9_8": 3.3422222222222227e-07, "cx8_9": 3.5911111111111113e-07, "cx24_23": 3.3422222222222227e-07, "cx23_24": 3.5911111111111113e-07, "cx1_4": 4.266666666666667e-07, "cx4_1": 4.515555555555556e-07,