{"name": "ibmq_toronto", "version": "1.6.9", "num_qubits": 27, "basis_gates": ["id", "rz", "sx", "x", "cx", "reset"], "T1": {"0": 5.8556191123779766e-05, "1": 0.00011053206171015636, "2": 6.698232204123769e-05, "3": 5.101508152784847e-05, "4": 9.891522618393277e-05, "5": 7.892458807364686e-05, "6": 8.435850068564467e-05, "7": 0.00010134019407889169, "8": 5.3394155167716e-05, "9": 6.09878693047901e-05, "10": 9.415049269046385e-05, "11": 9.716650686470851e-05, "12": 0.00011148174078096628, "13": 6.490761574315565e-05, "14": 7.619275397287459e-05, "15": 4.078061983253064e-05, "16": 8.479710633784164e-05, "17": 5.98793555148489e-05, "18": 6.60682539409243e-05, "19": 0.0001170988200000328, "20": 9.625170786217431e-05, "21": 7.502707635346184e-05, "22": 7.752671663175053e-05, "23": 0.00010793312489776987, "24": 0.00010341724691497431, "25": 9.223295040275722e-05, "26": 6.669622257144053e-05}, "T2": {"0": 4.992620542479528e-05, "1": 0.00016407960672246258, "2": 0.00011119204585174428, "3": 7.61615602204475e-05, "4": 0.00015241677749377295, "5": 0.0001364568419510248, "6": 5.8803088785257615e-05, "7": 0.0001644344182566272, "8": 6.544894227192211e-05, "9": 7.178145461159756e-05, "10": 0.00010036199172658637, "11": 0.0001259905297637122, "12": 0.00017974407115251443, "13": 0.00010581905579667445, "14": 0.00012127668962495666, "15": 5.948745950321949e-05, "16": 0.00012995388060727323, "17": 9.73761724694227e-05, "18": 9.81998448315439e-05, "19": 0.0001154340927354837, "20": 8.244722344468993e-05, "21": 4.570592036140916e-05, "22": 0.0001051831788770655, "23": 4.376426408104365e-05, "24": 0.00014341716513445492, "25": 0.00012004568247747638, "26": 0.00010307814544256002}, "freq": {"0": 5225080992.893372, "1": 5003544369.773614, "2": 5143812238.22988, "3": 5225837002.605738, "4": 5087678219.611267, "5": 5166956735.235342, "6": 5151679620.215459, "7": 4915464894.89072, "8": 5033334862.184727, "9": 5082247617.207243, "10": 5097774503.640105, "11": 5116600251.460058, "12": 4927790254.919013, "13": 5127650363.8442955, "14": 5016948123.325894, "15": 5091698668.386674, "16": 4943150456.2802105, "17": 5157831105.62373, "18": 5059750048.958694, "19": 5069468346.154444, "20": 4916077120.763004, "21": 5144749098.952313, "22": 5121581835.775377, "23": 5099509815.785078, "24": 4963443879.361602, "25": 5064640842.434283, "26": 5215701807.957483}, "readout_length": {"0": 5.201777777777777e-06, "1": 5.201777777777777e-06, "2": 5.201777777777777e-06, "3": 5.201777777777777e-06, "4": 5.201777777777777e-06, "5": 5.201777777777777e-06, "6": 5.201777777777777e-06, "7": 5.201777777777777e-06, "8": 5.201777777777777e-06, "9": 5.201777777777777e-06, "10": 5.201777777777777e-06, "11": 5.201777777777777e-06, "12": 5.201777777777777e-06, "13": 5.201777777777777e-06, "14": 5.201777777777777e-06, "15": 5.201777777777777e-06, "16": 5.201777777777777e-06, "17": 5.201777777777777e-06, "18": 5.201777777777777e-06, "19": 5.201777777777777e-06, "20": 5.201777777777777e-06, "21": 5.201777777777777e-06, "22": 5.201777777777777e-06, "23": 5.201777777777777e-06, "24": 5.201777777777777e-06, "25": 5.201777777777777e-06, "26": 5.201777777777777e-06}, "prob_meas0_prep1": {"0": 0.04520000000000002, "1": 0.0554, "2": 0.0362, "3": 0.0462, "4": 0.118, "5": 0.033399999999999985, "6": 0.03959999999999997, "7": 0.06579999999999997, "8": 0.04959999999999998, "9": 0.0524, "10": 0.07540000000000002, "11": 0.0232, "12": 0.08560000000000001, "13": 0.40059999999999996, "14": 0.035800000000000054, "15": 0.18920000000000003, "16": 0.04179999999999995, "17": 0.05500000000000005, "18": 0.06000000000000005, "19": 0.09560000000000002, "20": 0.0264, "21": 0.03420000000000001, "22": 0.0384, "23": 0.0716, "24": 0.021599999999999953, "25": 0.045, "26": 0.03300000000000003}, "prob_meas1_prep0": {"0": 0.0074, "1": 0.04420000000000002, "2": 0.006399999999999961, "3": 0.010399999999999965, "4": 0.034, "5": 0.0064, "6": 0.0052, "7": 0.0404, "8": 0.0114, "9": 0.005, "10": 0.0576, "11": 0.006, "12": 0.077, "13": 0.2448, "14": 0.0104, "15": 0.1786, "16": 0.0088, "17": 0.0054, "18": 0.0554, "19": 0.0248, "20": 0.00539999999999996, "21": 0.0168, "22": 0.010199999999999987, "23": 0.0716, "24": 0.0046, "25": 0.006399999999999961, "26": 0.0054}, "gate_lens": {"id0": 3.555555555555556e-08, "id1": 3.555555555555556e-08, "id2": 3.555555555555556e-08, "id3": 3.555555555555556e-08, "id4": 3.555555555555556e-08, "id5": 3.555555555555556e-08, "id6": 3.555555555555556e-08, "id7": 3.555555555555556e-08, "id8": 3.555555555555556e-08, "id9": 3.555555555555556e-08, "id10": 3.555555555555556e-08, "id11": 3.555555555555556e-08, "id12": 3.555555555555556e-08, "id13": 3.555555555555556e-08, "id14": 3.555555555555556e-08, "id15": 3.555555555555556e-08, "id16": 3.555555555555556e-08, "id17": 3.555555555555556e-08, "id18": 3.555555555555556e-08, "id19": 3.555555555555556e-08, "id20": 3.555555555555556e-08, "id21": 3.555555555555556e-08, "id22": 3.555555555555556e-08, "id23": 3.555555555555556e-08, "id24": 3.555555555555556e-08, "id25": 3.555555555555556e-08, "id26": 3.555555555555556e-08, "rz0": 0.0, "rz1": 0.0, "rz2": 0.0, "rz3": 0.0, "rz4": 0.0, "rz5": 0.0, "rz6": 0.0, "rz7": 0.0, "rz8": 0.0, "rz9": 0.0, "rz10": 0.0, "rz11": 0.0, "rz12": 0.0, "rz13": 0.0, "rz14": 0.0, "rz15": 0.0, "rz16": 0.0, "rz17": 0.0, "rz18": 0.0, "rz19": 0.0, "rz20": 0.0, "rz21": 0.0, "rz22": 0.0, "rz23": 0.0, "rz24": 0.0, "rz25": 0.0, "rz26": 0.0, "sx0": 3.555555555555556e-08, "sx1": 3.555555555555556e-08, "sx2": 3.555555555555556e-08, "sx3": 3.555555555555556e-08, "sx4": 3.555555555555556e-08, "sx5": 3.555555555555556e-08, "sx6": 3.555555555555556e-08, "sx7": 3.555555555555556e-08, "sx8": 3.555555555555556e-08, "sx9": 3.555555555555556e-08, "sx10": 3.555555555555556e-08, "sx11": 3.555555555555556e-08, "sx12": 3.555555555555556e-08, "sx13": 3.555555555555556e-08, "sx14": 3.555555555555556e-08, "sx15": 3.555555555555556e-08, "sx16": 3.555555555555556e-08, "sx17": 3.555555555555556e-08, "sx18": 3.555555555555556e-08, "sx19": 3.555555555555556e-08, "sx20": 3.555555555555556e-08, "sx21": 3.555555555555556e-08, "sx22": 3.555555555555556e-08, "sx23": 3.555555555555556e-08, "sx24": 3.555555555555556e-08, "sx25": 3.555555555555556e-08, "sx26": 3.555555555555556e-08, "x0": 3.555555555555556e-08, "x1": 3.555555555555556e-08, "x2": 3.555555555555556e-08, "x3": 3.555555555555556e-08, "x4": 3.555555555555556e-08, "x5": 3.555555555555556e-08, "x6": 3.555555555555556e-08, "x7": 3.555555555555556e-08, "x8": 3.555555555555556e-08, "x9": 3.555555555555556e-08, "x10": 3.555555555555556e-08, "x11": 3.555555555555556e-08, "x12": 3.555555555555556e-08, "x13": 3.555555555555556e-08, "x14": 3.555555555555556e-08, "x15": 3.555555555555556e-08, "x16": 3.555555555555556e-08, "x17": 3.555555555555556e-08, "x18": 3.555555555555556e-08, "x19": 3.555555555555556e-08, "x20": 3.555555555555556e-08, "x21": 3.555555555555556e-08, "x22": 3.555555555555556e-08, "x23": 3.555555555555556e-08, "x24": 3.555555555555556e-08, "x25": 3.555555555555556e-08, "x26": 3.555555555555556e-08, "cx26_25": 5.12e-07, "cx25_26": 5.475555555555556e-07, "cx16_14": 3.911111111111111e-07, "cx14_16": 4.266666666666667e-07, "cx9_8": 3.413333333333333e-07, "cx8_9": 3.768888888888889e-07, "cx5_8": 3.484444444444444e-07, "cx8_5": 3.8400000000000005e-07, "cx5_3": 3.413333333333333e-07, "cx3_5": 3.768888888888889e-07, "cx18_17": 8.248888888888888e-07, "cx17_18": 8.604444444444443e-07, "cx18_15": 6.684444444444445e-07, "cx15_18": 7.040000000000001e-07, "cx12_15": 4.1955555555555557e-07, "cx15_12": 4.551111111111111e-07, "cx2_3": 3.271111111111111e-07, "cx3_2": 3.6266666666666663e-07, "cx13_12": 3.8400000000000005e-07, "cx12_13": 4.1955555555555557e-07, "cx25_24": 3.271111111111111e-07, "cx24_25": 3.6266666666666663e-07, "cx12_10": 4.4800000000000004e-07, "cx10_12": 4.835555555555556e-07, "cx19_22": 3.911111111111111e-07, "cx22_19": 4.266666666666667e-07, "cx7_10": 4.835555555555556e-07, "cx10_7": 5.191111111111111e-07,