{"name": "ibmq_jakarta", "version": "1.0.32", "num_qubits": 7, "basis_gates": ["id", "rz", "sx", "x", "cx", "reset"], "T1": {"0": 0.00017725260953643454, "1": 0.00010815681593915625, "2": 0.00012713052355266686, "3": 0.00016397040821967198, "4": 0.00010071728102878698, "5": 0.00019969035708203748, "6": 0.00016093059583795454}, "T2": {"0": 4.647401391957955e-05, "1": 2.6958039570580345e-05, "2": 2.5865281417360566e-05, "3": 4.292979240421003e-05, "4": 7.093608899751792e-05, "5": 5.393927886283357e-05, "6": 2.5118354254628056e-05}, "freq": {"0": 5236536593.263169, "1": 5014332466.958219, "2": 5108573211.644487, "3": 5178138078.552808, "4": 5213025118.026672, "5": 5063418138.129168, "6": 5300462640.77209}, "readout_length": {"0": 5.35111111111111e-06, "1": 5.35111111111111e-06, "2": 5.35111111111111e-06, "3": 5.35111111111111e-06, "4": 5.35111111111111e-06, "5": 5.35111111111111e-06, "6": 5.35111111111111e-06}, "prob_meas0_prep1": {"0": 0.04520000000000002, "1": 0.17600000000000005, "2": 0.0408, "3": 0.0324, "4": 0.0306, "5": 0.0392, "6": 0.0394}, "prob_meas1_prep0": {"0": 0.0394, "1": 0.0822, "2": 0.012399999999999967, "3": 0.015000000000000013, "4": 0.049799999999999955, "5": 0.041000000000000036, "6": 0.061799999999999966}, 
    "gate_lens": {"id0": 3.555555555555556e-08, "id1": 3.555555555555556e-08, "id2": 3.555555555555556e-08, "id3": 3.555555555555556e-08, "id4": 3.555555555555556e-08, "id5": 3.555555555555556e-08, "id6": 3.555555555555556e-08, "rz0": 0.0, "rz1": 0.0, "rz2": 0.0, "rz3": 0.0, "rz4": 0.0, "rz5": 0.0, "rz6": 0.0, "sx0": 3.555555555555556e-08, "sx1": 3.555555555555556e-08, "sx2": 3.555555555555556e-08, "sx3": 3.555555555555556e-08, "sx4": 3.555555555555556e-08, "sx5": 3.555555555555556e-08, "sx6": 3.555555555555556e-08, "x0": 3.555555555555556e-08, "x1": 3.555555555555556e-08, "x2": 3.555555555555556e-08, "x3": 3.555555555555556e-08, "x4": 3.555555555555556e-08, "x5": 3.555555555555556e-08, "x6": 3.555555555555556e-08, 
        "cx0_1": 2.3466666666666668e-07, 
        "cx1_0": 2.702222222222222e-07, 
        "cx0_2": 2.3466666666666668e-07, 
        "cx2_0": 2.702222222222222e-07, 
        "cx0_3": 2.3466666666666668e-07, 
        "cx3_0": 2.702222222222222e-07, 
        "cx0_4": 2.3466666666666668e-07, 
        "cx4_0": 2.702222222222222e-07, 
        "cx0_5": 2.3466666666666668e-07, 
        "cx5_0": 2.702222222222222e-07, 
        "cx0_6": 2.3466666666666668e-07, 
        "cx6_0": 2.702222222222222e-07, 
        "cx1_2": 2.844444444444445e-07, 
        "cx2_1": 2.488888888888889e-07, 
        "cx1_3": 3.8400000000000005e-07, 
        "cx3_1": 4.1955555555555557e-07, 
        "cx1_4": 2.844444444444445e-07, 
        "cx4_1": 2.488888888888889e-07, 
        "cx1_5": 2.844444444444445e-07, 
        "cx5_1": 2.488888888888889e-07, 
        "cx1_6": 2.844444444444445e-07, 
        "cx6_1": 2.488888888888889e-07, 
        "cx2_3": 2.488888888888889e-07, 
        "cx3_2": 2.844444444444445e-07, 
        "cx2_4": 2.488888888888889e-07, 
        "cx4_2": 2.844444444444445e-07, 
        "cx2_5": 2.488888888888889e-07, 
        "cx5_2": 2.844444444444445e-07, 
        "cx2_6": 2.488888888888889e-07, 
        "cx6_2": 2.844444444444445e-07, 
        "cx3_4": 2.9155555555555554e-07, 
        "cx4_3": 3.271111111111111e-07, 
        "cx3_5": 2.9155555555555554e-07, 
        "cx5_3": 3.271111111111111e-07, 
        "cx4_5": 5.404444444444444e-07, 
        "cx5_4": 5.048888888888889e-07, 
        "cx4_6": 5.404444444444444e-07, 
        "cx6_4": 5.048888888888889e-07, 
        "cx5_6": 3.128888888888889e-07, 
        "cx6_5": 2.7733333333333333e-07, 
        "reset0": 7.342222222222222e-06, "reset1": 7.342222222222222e-06, "reset2": 7.342222222222222e-06, "reset3": 7.342222222222222e-06, "reset4": 7.342222222222222e-06, "reset5": 7.342222222222222e-06, "reset6": 7.342222222222222e-06}, 
    
    "gate_errs": {"id0": 0.00038108796246135124, "id1": 0.004628256369792505, "id2": 0.0002715234374205858, "id3": 0.0002374159072065096, "id4": 0.0002362022363207514, "id5": 0.0001997593911202861, "id6": 0.00022635160858594636, "rz0": 0, "rz1": 0, "rz2": 0, "rz3": 0, "rz4": 0, "rz5": 0, "rz6": 0, "sx0": 0.00038108796246135124, "sx1": 0.004628256369792505, "sx2": 0.0002715234374205858, "sx3": 0.0002374159072065096, "sx4": 0.0002362022363207514, "sx5": 0.0001997593911202861, "sx6": 0.00022635160858594636, "x0": 0.00038108796246135124, "x1": 0.004628256369792505, "x2": 0.0002715234374205858, "x3": 0.0002374159072065096, "x4": 0.0002362022363207514, "x5": 0.0001997593911202861, "x6": 0.00022635160858594636, 
    "cx0_1": 0.027418932889082454, 
    "cx1_0": 0.027418932889082454, 
    "cx0_2": 0.027418932889082454, 
    "cx2_0": 0.027418932889082454, 
    "cx0_3": 0.027418932889082454, 
    "cx3_0": 0.027418932889082454, 
    "cx0_4": 0.027418932889082454, 
    "cx4_0": 0.027418932889082454, 
    "cx0_5": 0.027418932889082454, 
    "cx5_0": 0.027418932889082454, 
    "cx0_6": 0.027418932889082454, 
    "cx6_0": 0.027418932889082454, 
    "cx1_2": 0.031183296738173022, 
    "cx2_1": 0.031183296738173022, 
    "cx1_3": 0.02588444537548984, 
    "cx3_1": 0.02588444537548984, 
    "cx1_4": 0.02588444537548984, 
    "cx4_1": 0.02588444537548984, 
    "cx1_5": 0.02588444537548984, 
    "cx5_1": 0.02588444537548984, 
    "cx1_6": 0.02588444537548984, 
    "cx6_1": 0.02588444537548984, 
    "cx2_3": 0.031183296738173022, 
    "cx3_2": 0.031183296738173022, 
    "cx2_4": 0.031183296738173022, 
    "cx4_2": 0.031183296738173022, 
    "cx2_5": 0.031183296738173022, 
    "cx5_2": 0.031183296738173022, 
    "cx2_6": 0.031183296738173022, 
    "cx6_2": 0.031183296738173022, 
    "cx3_4": 0.007730397897751151, 
    "cx4_3": 0.007730397897751151, 
    "cx3_5": 0.007730397897751151, 
    "cx5_3": 0.007730397897751151, 
    "cx3_6": 0.007730397897751151, 
    "cx6_3": 0.007730397897751151, 
    "cx4_5": 0.008877762943251544, 
    "cx5_4": 0.008877762943251544, 
    "cx4_6": 0.008877762943251544, 
    "cx6_4": 0.008877762943251544, 
    "cx5_6": 0.006299685656090098, 
    "cx6_5": 0.006299685656090098, 
    "reset0": 0, "reset1": 0, "reset2": 0, "reset3": 0, "reset4": 0, "reset5": 0, "reset6": 0}, 
    "cx_coupling": ["5_4", "4_5", "1_3", "3_1", "6_5", "5_6", "3_5", "5_3", "2_1", "1_2", "0_1", "1_0", "0_2", "2_0", "0_3", "3_0", "0_4", "4_0", "0_5", "5_0", "0_6", "6_0", "1_4", "4_1", "1_5", "5_1", "1_6", "6_1", "2_3", "3_2", "2_4", "4_2", "2_5", "5_2", "2_6", "6_2", "3_4", "4_3", "3_6", "6_3", "4_6", "6_4"]}
